household_id,readings,coverage_pct,missing_at_start,missing_at_end
MAC001338,433,2.5,0,17087
MAC004612,433,2.5,0,17087
MAC000146,864,4.9,0,16656
MAC001196,1393,8.0,0,16127
MAC001284,2017,11.5,0,15503
MAC000356,2305,13.2,0,15215
MAC001653,2880,16.4,14209,431
MAC002092,2975,17.0,0,14544
MAC003559,3023,17.3,14497,0
MAC000607,3121,17.8,0,14399
MAC003481,3409,19.5,0,14111
MAC001005,4032,23.0,0,13439
MAC001045,4079,23.3,0,13440
MAC005281,4081,23.3,0,13439
MAC000898,5041,28.8,0,12479
MAC004018,5857,33.4,0,11663
MAC002801,5850,33.4,0,11663
MAC002815,6524,37.2,0,10991
MAC000358,6768,38.6,0,10751
MAC000065,9024,51.5,0,8496
MAC005111,10512,60.0,0,7008
MAC001912,10559,60.3,0,6959
MAC004659,10705,61.1,0,6815
MAC004323,10896,62.2,0,6624
MAC000863,10897,62.2,0,6623
MAC002093,11040,63.0,0,6480
MAC000879,11212,64.0,0,6288
MAC004949,11807,67.4,0,5711
MAC000738,11894,67.9,0,5616
MAC003438,12481,71.2,0,5039
MAC000063,12767,72.9,0,4752
MAC000139,13055,74.5,0,4463
MAC002260,13192,75.3,0,3791
MAC003718,13824,78.9,0,3695
MAC000467,14736,84.1,0,2784
MAC003285,15215,86.8,0,2304
MAC005056,15788,90.1,0,1727
MAC000182,16174,92.3,0,1343
MAC003359,16312,93.1,0,0
MAC001736,16462,94.0,0,1056
MAC004917,16507,94.2,0,0
MAC003165,17318,98.8,0,0
MAC000793,17375,99.2,0,0
MAC005022,17376,99.2,0,0
MAC004924,17420,99.4,0,0
MAC005269,17418,99.4,0,0
MAC001219,17423,99.4,0,0
MAC002183,17422,99.4,0,0
MAC004851,17417,99.4,0,0
MAC000124,17424,99.5,0,0
MAC002746,17467,99.7,0,0
MAC002725,17471,99.7,0,0
MAC000051,17462,99.7,0,0
MAC004309,17467,99.7,0,0
MAC003317,17469,99.7,0,0
MAC000475,17471,99.7,0,0
MAC000212,17472,99.7,0,0
MAC000377,17471,99.7,0,0
MAC004832,17467,99.7,0,0
MAC002490,17471,99.7,0,0
MAC000175,17470,99.7,0,0
MAC002035,17470,99.7,0,0
MAC001295,17472,99.7,0,0
MAC000911,17471,99.7,0,0
MAC005043,17484,99.8,0,0
MAC004000,17487,99.8,0,0
MAC002666,17495,99.9,0,0
MAC002203,17503,99.9,0,0
MAC001897,17506,99.9,0,0
MAC005083,17504,99.9,0,0
MAC005011,17510,99.9,0,0
MAC003094,17499,99.9,0,0
MAC000897,17495,99.9,0,0
MAC002792,17508,99.9,0,0
MAC002566,17496,99.9,0,0
MAC001467,17509,99.9,0,0
MAC003286,17496,99.9,0,0
MAC000194,17505,99.9,0,0
MAC005150,17498,99.9,0,0
MAC001731,17510,99.9,0,0
MAC001760,17509,99.9,0,0
MAC003257,17511,99.9,0,0
MAC002502,17511,99.9,0,0
MAC002015,17509,99.9,0,0
MAC000877,17508,99.9,0,0
MAC002165,17509,99.9,0,0
MAC001089,17499,99.9,0,0
MAC005318,17497,99.9,0,0
MAC002402,17506,99.9,0,0
MAC005067,17508,99.9,0,0
MAC004280,17511,99.9,0,0
MAC000561,17505,99.9,0,0
MAC002392,17503,99.9,0,0
MAC001784,17497,99.9,0,0
MAC002903,17505,99.9,0,0
MAC000562,17517,100.0,0,0
MAC005470,17520,100.0,0,0
MAC004982,17517,100.0,0,0
MAC001759,17516,100.0,0,0
MAC001767,17519,100.0,0,0
MAC002418,17520,100.0,0,0
MAC002472,17519,100.0,0,0
MAC003693,17516,100.0,0,0
MAC004468,17519,100.0,0,0
MAC005093,17519,100.0,0,0
MAC000819,17518,100.0,0,0
MAC001857,17520,100.0,0,0
MAC003049,17519,100.0,0,0
MAC003807,17518,100.0,0,0
MAC004573,17517,100.0,0,0
MAC004606,17520,100.0,0,0
MAC000198,17519,100.0,0,0
MAC000261,17518,100.0,0,0
MAC000665,17518,100.0,0,0
MAC000719,17514,100.0,0,0
MAC002027,17520,100.0,0,0
MAC003308,17519,100.0,0,0
MAC004719,17512,100.0,0,0
MAC001466,17517,100.0,0,0
MAC002046,17520,100.0,0,0
MAC003190,17515,100.0,0,0
MAC003848,17520,100.0,0,0
MAC003854,17519,100.0,0,0
MAC004640,17520,100.0,0,0
MAC005256,17520,100.0,0,0
MAC000290,17518,100.0,0,0
MAC000305,17518,100.0,0,0
MAC001118,17520,100.0,0,0
MAC001605,17520,100.0,0,0
MAC001206,17520,100.0,0,0
MAC001680,17520,100.0,0,0
MAC003596,17520,100.0,0,0
MAC002221,17518,100.0,0,0
MAC003905,17516,100.0,0,0
MAC004709,17515,100.0,0,0
MAC000418,17520,100.0,0,0
MAC000841,17519,100.0,0,0
MAC001417,17519,100.0,0,0
MAC003589,17518,100.0,0,0
MAC004329,17518,100.0,0,0
MAC003010,17518,100.0,0,0
MAC005430,17518,100.0,0,0
MAC000076,17515,100.0,0,0
MAC000132,17515,100.0,0,0
MAC001264,17518,100.0,0,0
MAC001819,17520,100.0,0,0
MAC001642,17520,100.0,0,0
MAC002916,17518,100.0,0,0
MAC003472,17519,100.0,0,0
MAC004236,17520,100.0,0,0
MAC000895,17516,100.0,0,0
MAC003650,17517,100.0,0,0
MAC001984,17518,100.0,0,0
MAC000584,17518,100.0,0,0
MAC004979,17514,100.0,0,0
MAC004994,17519,100.0,0,0
MAC000499,17518,100.0,0,0
MAC000504,17518,100.0,0,0
MAC001741,17518,100.0,0,0
MAC002446,17515,100.0,0,0
MAC003068,17519,100.0,0,0
MAC004428,17520,100.0,0,0
MAC004461,17520,100.0,0,0
MAC000190,17515,100.0,0,0
MAC000801,17519,100.0,0,0
MAC001866,17519,100.0,0,0
MAC001878,17520,100.0,0,0
MAC003037,17520,100.0,0,0
MAC003730,17519,100.0,0,0
MAC003788,17518,100.0,0,0
MAC004590,17512,100.0,0,0
MAC000704,17519,100.0,0,0
MAC000725,17516,100.0,0,0
MAC001386,17520,100.0,0,0
MAC001559,17512,100.0,0,0
MAC003263,17519,100.0,0,0
MAC004136,17518,100.0,0,0
MAC004723,17519,100.0,0,0
MAC005536,17517,100.0,0,0
MAC004315,17518,100.0,0,0
MAC001508,17519,100.0,0,0
MAC001538,17518,100.0,0,0
MAC002052,17516,100.0,0,0
MAC003661,17519,100.0,0,0
MAC003895,17518,100.0,0,0
MAC003899,17519,100.0,0,0
MAC003903,17517,100.0,0,0
MAC004641,17518,100.0,0,0
MAC001153,17519,100.0,0,0
MAC001692,17519,100.0,0,0
MAC001727,17516,100.0,0,0
MAC002204,17520,100.0,0,0
MAC003954,17520,100.0,0,0
MAC004672,17515,100.0,0,0
MAC005213,17519,100.0,0,0
MAC005240,17520,100.0,0,0
MAC003652,17513,100.0,0,0
MAC001406,17520,100.0,0,0
MAC002147,17518,100.0,0,0
MAC002166,17520,100.0,0,0
MAC002546,17519,100.0,0,0
MAC001602,17515,100.0,0,0
MAC003525,17518,100.0,0,0
MAC005048,17519,100.0,0,0
MAC005049,17519,100.0,0,0
MAC005369,17518,100.0,0,0
MAC000878,17515,100.0,0,0
MAC001289,17518,100.0,0,0
MAC002928,17517,100.0,0,0
MAC003436,17520,100.0,0,0
MAC004233,17520,100.0,0,0
MAC004958,17518,100.0,0,0
MAC003741,17517,100.0,0,0
MAC003907,17520,100.0,0,0
MAC003675,17520,100.0,0,0
MAC003728,17520,100.0,0,0
MAC000162,17520,100.0,0,0
MAC000817,17519,100.0,0,0
MAC002336,17518,100.0,0,0
MAC002380,17518,100.0,0,0
MAC003739,17520,100.0,0,0
MAC005173,17514,100.0,0,0
MAC005176,17519,100.0,0,0
MAC000288,17518,100.0,0,0
MAC002029,17520,100.0,0,0
MAC002675,17515,100.0,0,0
MAC003568,17520,100.0,0,0
MAC004751,17517,100.0,0,0
MAC000727,17520,100.0,0,0
MAC000728,17519,100.0,0,0
MAC000740,17518,100.0,0,0
MAC003097,17519,100.0,0,0
MAC003657,17518,100.0,0,0
MAC002704,17512,100.0,0,0
MAC002713,17519,100.0,0,0
MAC003210,17520,100.0,0,0
MAC003869,17519,100.0,0,0
MAC004660,17520,100.0,0,0
MAC005309,17520,100.0,0,0
MAC005337,17518,100.0,0,0
MAC000303,17520,100.0,0,0
MAC000348,17518,100.0,0,0
MAC003012,17520,100.0,0,0
MAC001678,17518,100.0,0,0
MAC002205,17518,100.0,0,0
MAC002232,17520,100.0,0,0
MAC002843,17515,100.0,0,0
MAC002856,17520,100.0,0,0
MAC004312,17519,100.0,0,0
MAC005526,17520,100.0,0,0
MAC004677,17516,100.0,0,0
MAC000454,17519,100.0,0,0
MAC000861,17513,100.0,0,0
MAC000876,17520,100.0,0,0
MAC001453,17517,100.0,0,0
MAC003523,17519,100.0,0,0
MAC003533,17519,100.0,0,0
MAC004363,17515,100.0,0,0
MAC005366,17519,100.0,0,0
MAC005396,17519,100.0,0,0
MAC000089,17519,100.0,0,0
MAC004918,17518,100.0,0,0
MAC004921,17519,100.0,0,0
MAC003145,17520,100.0,0,0
MAC000791,17520,100.0,0,0
MAC002652,17519,100.0,0,0
MAC001487,17517,100.0,0,0
MAC001541,17520,100.0,0,0
MAC002241,17520,100.0,0,0
MAC002852,17518,100.0,0,0
MAC002879,17518,100.0,0,0
MAC002893,17520,100.0,0,0
MAC003315,17520,100.0,0,0
MAC003381,17517,100.0,0,0
MAC002486,17518,100.0,0,0
MAC001431,17519,100.0,0,0
MAC002196,17519,100.0,0,0
MAC002765,17519,100.0,0,0
MAC004366,17519,100.0,0,0
MAC004408,17519,100.0,0,0
MAC005357,17519,100.0,0,0
MAC000082,17519,100.0,0,0
MAC000650,17519,100.0,0,0
MAC001247,17513,100.0,0,0
MAC001254,17519,100.0,0,0
MAC001825,17519,100.0,0,0
MAC001834,17520,100.0,0,0
MAC002244,17517,100.0,0,0
MAC002280,17518,100.0,0,0
MAC002896,17514,100.0,0,0
MAC001010,17515,100.0,0,0
MAC000520,17519,100.0,0,0
MAC003129,17516,100.0,0,0
MAC002464,17519,100.0,0,0
MAC003704,17518,100.0,0,0
MAC004454,17519,100.0,0,0
MAC000834,17520,100.0,0,0
MAC004909,17515,100.0,0,0
MAC004513,17514,100.0,0,0
MAC005141,17519,100.0,0,0
MAC005179,17518,100.0,0,0
MAC005184,17520,100.0,0,0
MAC001299,17520,100.0,0,0
MAC000216,17519,100.0,0,0
MAC000716,17520,100.0,0,0
MAC001335,17516,100.0,0,0
MAC002667,17517,100.0,0,0
MAC003303,17518,100.0,0,0
MAC005542,17518,100.0,0,0
MAC002951,17519,100.0,0,0
MAC000046,17517,100.0,0,0
MAC003205,17520,100.0,0,0
MAC000345,17519,100.0,0,0
MAC002624,17519,100.0,0,0
MAC001542,17518,100.0,0,0
MAC001034,17519,100.0,0,0
MAC004655,17519,100.0,0,0
MAC000497,17518,100.0,0,0
MAC004955,17520,100.0,0,0
MAC002881,17517,100.0,0,0
MAC003349,17518,100.0,0,0
MAC003975,17520,100.0,0,0
MAC004686,17518,100.0,0,0
MAC005207,17517,100.0,0,0
MAC000448,17517,100.0,0,0
MAC000842,17520,100.0,0,0
MAC000859,17515,100.0,0,0
MAC003603,17520,100.0,0,0
MAC002963,17518,100.0,0,0
MAC005017,17517,100.0,0,0
MAC005449,17516,100.0,0,0
MAC003391,17518,100.0,0,0
MAC004260,17519,100.0,0,0
MAC001645,17520,100.0,0,0
MAC002432,17520,100.0,0,0
MAC001096,17519,100.0,0,0
MAC003665,17515,100.0,0,0
MAC005482,17519,100.0,0,0
MAC005170,17520,100.0,0,0
MAC002109,17517,100.0,0,0
MAC005567,17516,100.0,0,0
MAC004621,17515,100.0,0,0
MAC003044,17520,100.0,0,0
MAC002022,17512,100.0,0,0
MAC002047,17517,100.0,0,0
MAC004310,17512,100.0,0,0
MAC000040,17520,100.0,0,0
MAC000539,17520,100.0,0,0
MAC005508,17520,100.0,0,0
MAC003048,17520,100.0,0,0
MAC000025,17514,100.0,0,0
MAC003669,17519,100.0,0,0
MAC004436,17518,100.0,0,0
MAC004448,17519,100.0,0,0
MAC005157,17520,100.0,0,0
MAC000158,17512,100.0,0,0
MAC000828,17516,100.0,0,0
MAC003143,17520,100.0,0,0
MAC004553,17518,100.0,0,0
MAC000683,17518,100.0,0,0
MAC001309,17520,100.0,0,0
MAC001402,17519,100.0,0,0
MAC001945,17520,100.0,0,0
MAC002643,17514,100.0,0,0
MAC002662,17514,100.0,0,0
MAC003979,17518,100.0,0,0
MAC003988,17520,100.0,0,0
MAC004012,17519,100.0,0,0
MAC004098,17518,100.0,0,0
MAC004202,17516,100.0,0,0
MAC004795,17516,100.0,0,0
MAC000773,17520,100.0,0,0
MAC000994,17520,100.0,0,0
MAC002738,17520,100.0,0,0
MAC004652,17519,100.0,0,0
MAC000470,17518,100.0,0,0
MAC005303,17519,100.0,0,0
MAC004307,17520,100.0,0,0
MAC002954,17517,100.0,0,0
MAC002237,17518,100.0,0,0
MAC002869,17518,100.0,0,0
MAC003366,17520,100.0,0,0
MAC004701,17513,100.0,0,0
MAC005192,17519,100.0,0,0
MAC005203,17519,100.0,0,0
MAC001414,17518,100.0,0,0
MAC002164,17520,100.0,0,0
MAC002776,17520,100.0,0,0
MAC002592,17520,100.0,0,0
MAC002837,17517,100.0,0,0
MAC003550,17517,100.0,0,0
MAC001614,17519,100.0,0,0
MAC000586,17520,100.0,0,0
MAC002251,17519,100.0,0,0
MAC003386,17520,100.0,0,0
MAC003471,17518,100.0,0,0
MAC004932,17519,100.0,0,0
MAC000936,17512,100.0,0,0
MAC004223,17520,100.0,0,0
MAC001770,17517,100.0,0,0
MAC000017,17518,100.0,0,0
MAC001662,17520,100.0,0,0
MAC001785,17519,100.0,0,0
MAC002481,17520,100.0,0,0
MAC003098,17517,100.0,0,0
MAC004556,17519,100.0,0,0
MAC000592,17519,100.0,0,0
MAC005511,17518,100.0,0,0
MAC003151,17516,100.0,0,0
MAC005148,17518,100.0,0,0
MAC000145,17520,100.0,0,0
MAC000180,17520,100.0,0,0
MAC001858,17519,100.0,0,0
MAC002416,17518,100.0,0,0
MAC003762,17520,100.0,0,0
MAC005164,17519,100.0,0,0
MAC005168,17517,100.0,0,0
MAC000195,17518,100.0,0,0
MAC001304,17518,100.0,0,0
MAC002646,17517,100.0,0,0
MAC003256,17519,100.0,0,0
MAC004103,17520,100.0,0,0
MAC004867,17519,100.0,0,0
MAC000023,17519,100.0,0,0
MAC002964,17519,100.0,0,0
MAC002113,17520,100.0,0,0
MAC003193,17519,100.0,0,0
MAC004667,17518,100.0,0,0
MAC000327,17515,100.0,0,0
MAC001106,17516,100.0,0,0
MAC002201,17519,100.0,0,0
MAC002895,17518,100.0,0,0
MAC003951,17519,100.0,0,0
MAC004668,17520,100.0,0,0
MAC001052,17518,100.0,0,0
MAC000380,17514,100.0,0,0
MAC002757,17518,100.0,0,0
MAC001004,17519,100.0,0,0
MAC003560,17516,100.0,0,0
MAC004331,17518,100.0,0,0
MAC004353,17520,100.0,0,0
MAC004971,17519,100.0,0,0
MAC002982,17518,100.0,0,0
MAC001837,17517,100.0,0,0
MAC002266,17518,100.0,0,0
MAC002324,17519,100.0,0,0
MAC002910,17520,100.0,0,0
MAC003019,17519,100.0,0,0
MAC001904,17519,100.0,0,0
MAC001856,17517,100.0,0,0
MAC001765,17516,100.0,0,0
MAC003474,17520,100.0,0,0
MAC000141,17519,100.0,0,0
MAC000831,17513,100.0,0,0
MAC001898,17518,100.0,0,0
MAC002370,17519,100.0,0,0
MAC002413,17519,100.0,0,0
MAC003043,17519,100.0,0,0
MAC003760,17519,100.0,0,0
MAC004520,17514,100.0,0,0
MAC000680,17518,100.0,0,0
MAC001305,17518,100.0,0,0
MAC001322,17512,100.0,0,0
MAC004446,17519,100.0,0,0
MAC003272,17520,100.0,0,0
MAC001564,17519,100.0,0,0
MAC004801,17518,100.0,0,0
MAC000465,17513,100.0,0,0
MAC004320,17519,100.0,0,0
MAC000771,17516,100.0,0,0
MAC002678,17520,100.0,0,0
MAC002728,17520,100.0,0,0
MAC002743,17519,100.0,0,0
MAC003177,17516,100.0,0,0
MAC003808,17517,100.0,0,0
MAC004314,17519,100.0,0,0
MAC005261,17520,100.0,0,0
MAC005350,17518,100.0,0,0
MAC001111,17517,100.0,0,0
MAC001142,17520,100.0,0,0
MAC003333,17516,100.0,0,0
MAC002931,17517,100.0,0,0
MAC003968,17520,100.0,0,0
MAC004710,17518,100.0,0,0
MAC005218,17516,100.0,0,0
MAC000370,17519,100.0,0,0
MAC001410,17519,100.0,0,0
MAC002609,17520,100.0,0,0
MAC005521,17519,100.0,0,0
MAC003494,17520,100.0,0,0
MAC000984,17519,100.0,0,0
MAC005419,17518,100.0,0,0
MAC000109,17518,100.0,0,0
MAC001291,17519,100.0,0,0
MAC001824,17517,100.0,0,0
MAC001853,17519,100.0,0,0
MAC002421,17516,100.0,0,0
MAC002930,17517,100.0,0,0
MAC004263,17519,100.0,0,0
MAC001905,17516,100.0,0,0
