hour_of_day,all_days_kw,weekday_kw,weekend_kw,busiest_rank
0.0,0.329,0.323,0.346,37
0.5,0.293,0.287,0.308,38
1.0,0.265,0.26,0.279,40
1.5,0.247,0.243,0.257,42
2.0,0.235,0.232,0.243,44
2.5,0.225,0.223,0.231,46
3.0,0.222,0.22,0.225,48
3.5,0.222,0.221,0.223,47
4.0,0.232,0.233,0.228,45
4.5,0.245,0.249,0.237,43
5.0,0.263,0.269,0.248,41
5.5,0.291,0.303,0.263,39
6.0,0.33,0.345,0.292,36
6.5,0.366,0.385,0.318,35
7.0,0.405,0.423,0.36,32
7.5,0.424,0.436,0.391,28
8.0,0.429,0.433,0.42,22
8.5,0.43,0.425,0.443,20
9.0,0.426,0.414,0.454,25
9.5,0.42,0.406,0.456,30
10.0,0.421,0.404,0.464,29
10.5,0.419,0.399,0.467,31
11.0,0.424,0.403,0.477,26
11.5,0.429,0.406,0.488,23
12.0,0.434,0.41,0.494,18
12.5,0.435,0.41,0.497,17
13.0,0.43,0.407,0.487,19
13.5,0.424,0.402,0.48,27
14.0,0.426,0.404,0.481,24
14.5,0.429,0.409,0.481,21
15.0,0.441,0.422,0.489,15
15.5,0.465,0.447,0.509,14
16.0,0.504,0.491,0.536,12
16.5,0.54,0.532,0.561,10
17.0,0.587,0.584,0.596,8
17.5,0.619,0.617,0.623,5
18.0,0.638,0.637,0.639,3
18.5,0.643,0.643,0.643,1
19.0,0.638,0.64,0.634,2
19.5,0.628,0.632,0.618,4
20.0,0.616,0.622,0.601,6
20.5,0.596,0.602,0.582,7
21.0,0.577,0.582,0.565,9
21.5,0.538,0.541,0.531,11
22.0,0.491,0.493,0.486,13
22.5,0.436,0.437,0.434,16
23.0,0.384,0.383,0.386,33
23.5,0.369,0.364,0.383,34
