household_id,tariff_group,solar_share,peak_share,normal_share
MAC000017,ToU,0.3801,0.4168,0.2031
MAC000023,Std,0.4062,0.4502,0.1436
MAC000025,Std,0.6126,0.3246,0.0628
MAC000040,Std,0.3376,0.3986,0.2639
MAC000046,ToU,0.4458,0.3671,0.1871
MAC000051,ToU,0.4164,0.3457,0.2379
MAC000076,ToU,0.4091,0.4101,0.1808
MAC000082,ToU,0.3678,0.4025,0.2296
MAC000089,Std,0.3089,0.5188,0.1723
MAC000109,ToU,0.3753,0.4058,0.2189
MAC000124,ToU,0.3589,0.394,0.247
MAC000132,Std,0.3225,0.4891,0.1884
MAC000145,Std,0.3479,0.4052,0.2469
MAC000158,ToU,0.4375,0.3546,0.2079
MAC000162,Std,0.3112,0.4003,0.2885
MAC000175,Std,0.3503,0.3766,0.2731
MAC000180,Std,0.3095,0.4891,0.2014
MAC000182,Std,0.3956,0.4113,0.1931
MAC000190,Std,0.3489,0.427,0.2242
MAC000194,ToU,0.319,0.4939,0.1871
MAC000195,ToU,0.3574,0.3347,0.3079
MAC000198,ToU,0.2821,0.3413,0.3765
MAC000212,Std,0.4328,0.3172,0.2501
MAC000216,Std,0.432,0.3849,0.1831
MAC000261,ToU,0.3397,0.4107,0.2496
MAC000288,ToU,0.3812,0.3782,0.2407
MAC000290,ToU,0.3999,0.4292,0.1709
MAC000303,ToU,0.4633,0.4122,0.1245
MAC000305,Std,0.4867,0.404,0.1093
MAC000327,Std,0.3812,0.3825,0.2362
MAC000345,Std,0.3214,0.3843,0.2942
MAC000348,Std,0.3832,0.4396,0.1772
MAC000370,Std,0.2982,0.4249,0.2769
MAC000377,Std,0.3606,0.4108,0.2286
MAC000380,Std,0.3577,0.362,0.2803
MAC000448,Std,0.3166,0.4866,0.1968
MAC000454,Std,0.3384,0.5087,0.1528
MAC000465,ToU,0.3222,0.4627,0.2151
MAC000470,ToU,0.4131,0.416,0.1709
MAC000475,ToU,0.346,0.4136,0.2404
MAC000497,ToU,0.3095,0.4445,0.246
MAC000499,Std,0.3471,0.4691,0.1838
MAC000504,Std,0.3634,0.4559,0.1807
MAC000520,Std,0.3518,0.3872,0.261
MAC000539,Std,0.3524,0.3199,0.3276
MAC000561,ToU,0.4705,0.4018,0.1276
MAC000562,Std,0.3325,0.4814,0.1861
MAC000584,ToU,0.2444,0.5629,0.1927
MAC000586,ToU,0.3008,0.444,0.2552
MAC000592,Std,0.3681,0.4558,0.1761
MAC000650,Std,0.3761,0.3988,0.2251
MAC000665,ToU,0.3636,0.3665,0.2699
MAC000680,ToU,0.4423,0.4195,0.1382
MAC000683,ToU,0.368,0.3373,0.2947
MAC000704,ToU,0.2721,0.466,0.2618
MAC000716,ToU,0.4182,0.4306,0.1512
MAC000719,ToU,0.2895,0.4549,0.2556
MAC000725,ToU,0.2889,0.4661,0.245
MAC000727,Std,0.301,0.477,0.222
MAC000728,ToU,0.3229,0.4346,0.2425
MAC000740,Std,0.3074,0.4632,0.2294
MAC000771,Std,0.3287,0.4192,0.2521
MAC000773,Std,0.3321,0.5134,0.1545
MAC000791,ToU,0.3727,0.5001,0.1272
MAC000793,Std,0.3911,0.4131,0.1958
MAC000801,ToU,0.4034,0.4304,0.1663
MAC000817,ToU,0.509,0.4345,0.0565
MAC000819,ToU,0.3606,0.3543,0.2851
MAC000828,ToU,0.3284,0.4888,0.1829
MAC000831,Std,0.3002,0.4863,0.2135
MAC000834,ToU,0.2267,0.3587,0.4146
MAC000841,ToU,0.3341,0.4006,0.2653
MAC000842,Std,0.3862,0.4535,0.1604
MAC000859,ToU,0.4012,0.4226,0.1762
MAC000861,Std,0.3377,0.4297,0.2326
MAC000876,Std,0.3306,0.4185,0.2509
MAC000877,ToU,0.3075,0.3933,0.2993
MAC000878,ToU,0.4382,0.361,0.2008
MAC000897,Std,0.4082,0.4048,0.1869
MAC000911,Std,0.386,0.4552,0.1587
MAC000936,Std,0.4034,0.3963,0.2003
MAC000984,Std,0.3524,0.4088,0.2388
MAC000994,ToU,0.297,0.4693,0.2337
MAC001004,ToU,0.3689,0.3537,0.2773
MAC001010,Std,0.3726,0.4093,0.2181
MAC001034,ToU,0.3923,0.4081,0.1996
MAC001052,Std,0.3505,0.4606,0.1889
MAC001089,Std,0.392,0.47,0.138
MAC001096,ToU,0.2805,0.4239,0.2956
MAC001106,Std,0.3873,0.3833,0.2294
MAC001111,Std,0.2964,0.4603,0.2433
MAC001118,ToU,0.3332,0.3855,0.2813
MAC001142,ToU,0.3295,0.4072,0.2633
MAC001153,Std,0.4334,0.406,0.1606
MAC001206,ToU,0.3032,0.4068,0.29
MAC001219,ToU,0.3085,0.5302,0.1613
MAC001247,Std,0.29,0.4522,0.2578
MAC001254,ToU,0.4189,0.4126,0.1685
MAC001264,ToU,0.3868,0.3693,0.244
MAC001289,Std,0.3455,0.4301,0.2244
MAC001291,Std,0.4857,0.4072,0.1071
MAC001295,Std,0.3,0.4372,0.2628
MAC001299,ToU,0.3137,0.3866,0.2997
MAC001304,Std,0.3679,0.4213,0.2109
MAC001305,ToU,0.3013,0.3409,0.3578
MAC001322,ToU,0.3784,0.3942,0.2275
MAC001335,ToU,0.3891,0.3292,0.2817
MAC001386,ToU,0.3157,0.3998,0.2845
MAC001402,ToU,0.3266,0.4578,0.2156
MAC001406,Std,0.3674,0.4136,0.2189
MAC001410,ToU,0.3027,0.4546,0.2427
MAC001414,ToU,0.3927,0.4346,0.1727
MAC001417,ToU,0.3892,0.4147,0.1962
MAC001431,ToU,0.4638,0.3562,0.18
MAC001453,Std,0.3558,0.4969,0.1474
MAC001466,ToU,0.3258,0.5355,0.1387
MAC001467,Std,0.3298,0.3804,0.2899
MAC001487,ToU,0.3607,0.3606,0.2787
MAC001508,ToU,0.318,0.5041,0.1779
MAC001538,ToU,0.371,0.38,0.249
MAC001541,Std,0.4242,0.3832,0.1927
MAC001542,ToU,0.3164,0.4256,0.258
MAC001559,ToU,0.3434,0.4783,0.1783
MAC001564,ToU,0.2876,0.3105,0.4018
MAC001602,ToU,0.2775,0.403,0.3194
MAC001605,Std,0.3297,0.52,0.1502
MAC001614,ToU,0.3289,0.4572,0.2139
MAC001642,ToU,0.3494,0.4209,0.2297
MAC001645,ToU,0.3605,0.4709,0.1686
MAC001662,Std,0.2882,0.4308,0.2809
MAC001678,Std,0.2972,0.3525,0.3503
MAC001680,ToU,0.3668,0.4664,0.1667
MAC001692,Std,0.3945,0.4083,0.1972
MAC001727,Std,0.3952,0.448,0.1568
MAC001731,Std,0.3193,0.2881,0.3927
MAC001736,ToU,0.4124,0.4101,0.1776
MAC001741,ToU,0.2701,0.3482,0.3817
MAC001759,Std,0.3734,0.3571,0.2696
MAC001760,Std,0.2882,0.4985,0.2133
MAC001765,Std,0.3137,0.3856,0.3006
MAC001767,ToU,0.2875,0.4357,0.2768
MAC001784,Std,0.3034,0.3451,0.3515
MAC001785,Std,0.4258,0.3988,0.1754
MAC001819,Std,0.2868,0.5399,0.1733
MAC001825,ToU,0.2916,0.4962,0.2122
MAC001834,Std,0.425,0.4234,0.1516
MAC001837,Std,0.2877,0.539,0.1733
MAC001853,ToU,0.3741,0.4412,0.1847
MAC001856,ToU,0.3498,0.4039,0.2463
MAC001857,ToU,0.343,0.391,0.266
MAC001858,ToU,0.4059,0.3442,0.2498
MAC001866,Std,0.3036,0.4955,0.2009
MAC001878,Std,0.3408,0.407,0.2522
MAC001897,Std,0.4772,0.4114,0.1115
MAC001898,Std,0.303,0.3518,0.3452
MAC001904,ToU,0.3896,0.4076,0.2027
MAC001905,Std,0.2474,0.4988,0.2538
MAC001945,Std,0.3974,0.4779,0.1246
MAC002015,Std,0.3756,0.4076,0.2168
MAC002022,ToU,0.3905,0.4017,0.2079
MAC002027,Std,0.3502,0.459,0.1907
MAC002029,ToU,0.3435,0.4282,0.2283
MAC002035,Std,0.364,0.3765,0.2595
MAC002046,ToU,0.2623,0.5183,0.2194
MAC002047,Std,0.2933,0.4124,0.2943
MAC002052,ToU,0.2565,0.5869,0.1566
MAC002109,Std,0.2639,0.4929,0.2432
MAC002113,ToU,0.3632,0.4526,0.1841
MAC002147,ToU,0.3086,0.5124,0.1791
MAC002164,ToU,0.35,0.4489,0.201
MAC002165,Std,0.3522,0.4327,0.2151
MAC002166,ToU,0.2982,0.4597,0.2421
MAC002183,ToU,0.2836,0.4938,0.2227
MAC002196,Std,0.3032,0.4722,0.2245
MAC002201,ToU,0.2893,0.4921,0.2186
MAC002203,Std,0.3037,0.4139,0.2824
MAC002204,Std,0.3262,0.3739,0.2999
MAC002205,Std,0.3869,0.453,0.1602
MAC002221,Std,0.2861,0.4842,0.2296
MAC002232,ToU,0.3598,0.3852,0.2551
MAC002237,Std,0.2695,0.4754,0.2551
MAC002241,Std,0.2504,0.5547,0.1949
MAC002244,Std,0.361,0.4115,0.2276
MAC002251,Std,0.3372,0.443,0.2198
MAC002266,Std,0.3684,0.3836,0.248
MAC002280,ToU,0.303,0.411,0.286
MAC002324,ToU,0.2734,0.5794,0.1472
MAC002336,ToU,0.2473,0.4488,0.3039
MAC002370,Std,0.3005,0.4688,0.2307
MAC002380,Std,0.3311,0.4987,0.1701
MAC002392,Std,0.3828,0.4279,0.1892
MAC002402,Std,0.3773,0.3908,0.232
MAC002413,ToU,0.3087,0.4472,0.2441
MAC002416,Std,0.3039,0.3647,0.3315
MAC002421,ToU,0.3973,0.3958,0.2069
MAC002432,ToU,0.3786,0.3936,0.2278
MAC002446,ToU,0.3414,0.3436,0.315
MAC002464,ToU,0.4077,0.3719,0.2204
MAC002472,ToU,0.3953,0.4102,0.1945
MAC002481,Std,0.3203,0.3955,0.2842
MAC002486,ToU,0.3306,0.4213,0.2481
MAC002490,ToU,0.4094,0.3582,0.2324
MAC002502,Std,0.2942,0.4041,0.3017
MAC002546,Std,0.2748,0.3728,0.3524
MAC002566,ToU,0.2969,0.4711,0.232
MAC002592,Std,0.3051,0.4059,0.289
MAC002609,ToU,0.3884,0.382,0.2296
MAC002643,Std,0.2956,0.4222,0.2822
MAC002646,Std,0.346,0.4591,0.1949
MAC002652,Std,0.3278,0.3002,0.372
MAC002662,Std,0.3293,0.4009,0.2698
MAC002666,Std,0.3196,0.3941,0.2862
MAC002667,Std,0.3538,0.3908,0.2554
MAC002675,ToU,0.3076,0.4091,0.2833
MAC002678,ToU,0.377,0.4301,0.1929
MAC002704,Std,0.3179,0.4126,0.2695
MAC002713,ToU,0.3095,0.4266,0.2638
MAC002725,Std,0.4175,0.363,0.2195
MAC002728,ToU,0.3877,0.4223,0.19
MAC002738,ToU,0.3525,0.4159,0.2316
MAC002743,Std,0.2958,0.3635,0.3407
MAC002746,Std,0.2911,0.3767,0.3322
MAC002757,Std,0.4338,0.4067,0.1595
MAC002765,ToU,0.3615,0.4308,0.2076
MAC002776,Std,0.3557,0.4943,0.15
MAC002837,Std,0.3318,0.4537,0.2144
MAC002843,Std,0.3246,0.3854,0.29
MAC002852,Std,0.28,0.419,0.3009
MAC002856,Std,0.4888,0.3816,0.1296
MAC002869,ToU,0.476,0.3975,0.1264
MAC002879,ToU,0.3104,0.41,0.2795
MAC002881,ToU,0.3049,0.3629,0.3322
MAC002893,Std,0.43,0.408,0.162
MAC002895,ToU,0.3869,0.3712,0.242
MAC002896,Std,0.346,0.4827,0.1712
MAC002903,Std,0.3538,0.3593,0.2869
MAC002910,ToU,0.3562,0.4375,0.2063
MAC002916,Std,0.3929,0.387,0.2201
MAC002930,ToU,0.404,0.408,0.1879
MAC002931,ToU,0.3503,0.5014,0.1483
MAC002951,ToU,0.3034,0.4352,0.2614
MAC002954,ToU,0.3885,0.4344,0.1772
MAC002964,Std,0.4139,0.3643,0.2217
MAC002982,ToU,0.2953,0.4067,0.298
MAC003010,Std,0.3353,0.3622,0.3025
MAC003012,Std,0.4712,0.3837,0.1451
MAC003019,ToU,0.3495,0.497,0.1535
MAC003043,ToU,0.3296,0.4017,0.2686
MAC003044,ToU,0.3123,0.4773,0.2103
MAC003048,Std,0.4469,0.3737,0.1794
MAC003049,ToU,0.2631,0.5453,0.1916
MAC003068,ToU,0.4404,0.386,0.1735
MAC003094,ToU,0.2818,0.504,0.2142
MAC003097,ToU,0.4684,0.386,0.1456
MAC003098,Std,0.3649,0.4004,0.2347
MAC003129,Std,0.4293,0.4359,0.1348
MAC003143,Std,0.4051,0.4801,0.1148
MAC003151,ToU,0.3926,0.3998,0.2076
MAC003165,ToU,0.3477,0.3741,0.2782
MAC003177,Std,0.4271,0.4019,0.1709
MAC003190,Std,0.3748,0.4159,0.2093
MAC003193,Std,0.3434,0.4307,0.2259
MAC003205,Std,0.2968,0.5066,0.1966
MAC003210,Std,0.3883,0.4069,0.2048
MAC003256,ToU,0.4473,0.4065,0.1462
MAC003257,ToU,0.3569,0.3651,0.2779
MAC003263,Std,0.3356,0.4217,0.2427
MAC003272,ToU,0.3199,0.4346,0.2456
MAC003286,ToU,0.409,0.4159,0.1751
MAC003303,Std,0.5627,0.3091,0.1282
MAC003308,ToU,0.3115,0.3932,0.2954
MAC003315,ToU,0.4154,0.4408,0.1439
MAC003317,Std,0.2628,0.4307,0.3065
MAC003333,ToU,0.3539,0.4615,0.1847
MAC003349,Std,0.3144,0.4205,0.2652
MAC003366,ToU,0.3468,0.492,0.1612
MAC003381,Std,0.352,0.4619,0.1861
MAC003386,Std,0.3356,0.493,0.1714
MAC003391,Std,0.3042,0.5055,0.1903
MAC003436,ToU,0.3672,0.3713,0.2614
MAC003471,ToU,0.3212,0.4227,0.2562
MAC003472,ToU,0.2677,0.4827,0.2497
MAC003474,ToU,0.3876,0.4305,0.1819
MAC003494,Std,0.3483,0.4578,0.194
MAC003523,ToU,0.325,0.4436,0.2314
MAC003525,ToU,0.2902,0.5064,0.2034
MAC003533,Std,0.3496,0.5397,0.1108
MAC003550,ToU,0.4391,0.4246,0.1363
MAC003560,ToU,0.3612,0.3831,0.2556
MAC003568,Std,0.2864,0.4898,0.2237
MAC003589,Std,0.4009,0.38,0.2191
MAC003596,Std,0.3739,0.4444,0.1817
MAC003603,Std,0.3414,0.3371,0.3216
MAC003650,Std,0.3856,0.4702,0.1441
MAC003652,ToU,0.3491,0.4011,0.2498
MAC003657,Std,0.3637,0.3735,0.2629
MAC003661,ToU,0.3287,0.4328,0.2385
MAC003665,ToU,0.3275,0.4742,0.1983
MAC003669,ToU,0.3196,0.4192,0.2612
MAC003675,ToU,0.4065,0.4138,0.1797
MAC003693,Std,0.4083,0.3693,0.2224
MAC003704,Std,0.3349,0.4218,0.2433
MAC003728,ToU,0.389,0.324,0.287
MAC003730,Std,0.3625,0.4859,0.1516
MAC003739,Std,0.3616,0.4214,0.2169
MAC003741,Std,0.4336,0.3771,0.1893
MAC003760,ToU,0.3816,0.3792,0.2392
MAC003762,ToU,0.2387,0.471,0.2903
MAC003788,ToU,0.384,0.4053,0.2107
MAC003807,ToU,0.2772,0.488,0.2348
MAC003808,ToU,0.3271,0.3602,0.3128
MAC003848,ToU,0.1989,0.4718,0.3292
MAC003854,Std,0.2793,0.4342,0.2864
MAC003869,ToU,0.291,0.4621,0.2469
MAC003895,ToU,0.3307,0.3971,0.2722
MAC003899,ToU,0.3752,0.4641,0.1607
MAC003903,ToU,0.3692,0.419,0.2119
MAC003905,Std,0.3523,0.3926,0.2551
MAC003907,Std,0.2535,0.4103,0.3361
MAC003951,ToU,0.3714,0.3903,0.2383
MAC003954,ToU,0.3129,0.467,0.2201
MAC003968,ToU,0.3316,0.4757,0.1927
MAC003975,ToU,0.3519,0.4017,0.2463
MAC003979,Std,0.3489,0.374,0.2771
MAC003988,ToU,0.4426,0.3691,0.1883
MAC004000,ToU,0.421,0.4239,0.1551
MAC004012,ToU,0.3063,0.4257,0.268
MAC004098,Std,0.3601,0.3983,0.2416
MAC004103,Std,0.3322,0.445,0.2228
MAC004136,Std,0.2891,0.3301,0.3808
MAC004202,Std,0.3939,0.4372,0.1689
MAC004223,ToU,0.3542,0.4739,0.1719
MAC004233,Std,0.2859,0.6134,0.1007
MAC004236,ToU,0.3284,0.3319,0.3397
MAC004260,ToU,0.3113,0.5018,0.1869
MAC004263,ToU,0.2849,0.4556,0.2595
MAC004280,Std,0.3936,0.3696,0.2368
MAC004307,ToU,0.4307,0.42,0.1493
MAC004309,ToU,0.4349,0.3783,0.1869
MAC004310,Std,0.3242,0.4447,0.2311
MAC004312,Std,0.3155,0.4974,0.1871
MAC004314,Std,0.2964,0.4557,0.2479
MAC004315,ToU,0.2636,0.3549,0.3815
MAC004320,ToU,0.2538,0.4262,0.32
MAC004329,Std,0.3807,0.38,0.2393
MAC004331,ToU,0.3702,0.4327,0.1971
MAC004353,Std,0.3788,0.3928,0.2284
MAC004363,ToU,0.2445,0.5234,0.2321
MAC004366,ToU,0.3557,0.3851,0.2592
MAC004408,ToU,0.3941,0.4615,0.1444
MAC004428,Std,0.1331,0.2086,0.6582
MAC004436,ToU,0.4347,0.3855,0.1797
MAC004446,Std,0.317,0.433,0.25
MAC004448,ToU,0.3067,0.3981,0.2952
MAC004454,Std,0.3222,0.4585,0.2193
MAC004461,Std,0.3661,0.3587,0.2752
MAC004468,Std,0.405,0.3885,0.2065
MAC004513,Std,0.4172,0.4679,0.1149
MAC004520,Std,0.4387,0.4024,0.1589
MAC004553,Std,0.3,0.3676,0.3324
MAC004556,Std,0.284,0.4323,0.2837
MAC004573,Std,0.261,0.3508,0.3882
MAC004590,ToU,0.303,0.4314,0.2656
MAC004606,ToU,0.3079,0.4985,0.1936
MAC004621,ToU,0.4236,0.4234,0.153
MAC004640,ToU,0.3028,0.3759,0.3213
MAC004641,ToU,0.294,0.507,0.199
MAC004652,Std,0.349,0.4268,0.2243
MAC004655,ToU,0.2679,0.5613,0.1708
MAC004660,Std,0.4155,0.3703,0.2142
MAC004667,Std,0.3999,0.3823,0.2178
MAC004668,ToU,0.3547,0.4543,0.191
MAC004686,Std,0.3071,0.4328,0.2601
MAC004701,Std,0.3373,0.4904,0.1722
MAC004709,ToU,0.3162,0.3703,0.3135
MAC004710,ToU,0.2453,0.5492,0.2055
MAC004719,ToU,0.2579,0.508,0.234
MAC004751,ToU,0.3259,0.4395,0.2346
MAC004795,ToU,0.3727,0.4046,0.2227
MAC004801,Std,0.33,0.5276,0.1424
MAC004832,ToU,0.4288,0.4299,0.1414
MAC004851,ToU,0.4047,0.4196,0.1757
MAC004867,Std,0.4091,0.4005,0.1904
MAC004909,Std,0.2649,0.4506,0.2846
MAC004918,Std,0.3712,0.4635,0.1653
MAC004921,ToU,0.4003,0.3646,0.2351
MAC004924,Std,0.3696,0.464,0.1663
MAC004932,ToU,0.3647,0.3754,0.2599
MAC004955,ToU,0.3558,0.4622,0.182
MAC004958,Std,0.217,0.2898,0.4933
MAC004971,Std,0.4334,0.4154,0.1512
MAC004979,ToU,0.4173,0.4351,0.1476
MAC004994,Std,0.2596,0.4224,0.318
MAC005011,ToU,0.2998,0.4044,0.2958
MAC005017,ToU,0.36,0.4089,0.2311
MAC005022,ToU,0.3796,0.3697,0.2507
MAC005043,Std,0.4038,0.3755,0.2206
MAC005048,Std,0.3754,0.3844,0.2402
MAC005049,Std,0.3944,0.4684,0.1372
MAC005056,Std,0.3558,0.4064,0.2378
MAC005067,Std,0.32,0.3952,0.2848
MAC005083,ToU,0.2937,0.4246,0.2817
MAC005141,Std,0.3616,0.3446,0.2938
MAC005148,ToU,0.4106,0.4327,0.1566
MAC005150,ToU,0.3395,0.4995,0.161
MAC005157,ToU,0.3639,0.4257,0.2104
MAC005164,ToU,0.3688,0.4112,0.2201
MAC005168,Std,0.4201,0.3625,0.2174
MAC005170,Std,0.3763,0.3783,0.2455
MAC005173,ToU,0.4562,0.3843,0.1595
MAC005176,Std,0.2676,0.5455,0.1869
MAC005179,ToU,0.3645,0.4433,0.1921
MAC005184,ToU,0.3292,0.4315,0.2394
MAC005192,Std,0.2768,0.3843,0.3389
MAC005203,Std,0.3288,0.4079,0.2633
MAC005207,ToU,0.4526,0.4293,0.1182
MAC005213,Std,0.3505,0.4141,0.2354
MAC005218,Std,0.2767,0.489,0.2344
MAC005240,ToU,0.3062,0.4916,0.2022
MAC005256,ToU,0.3554,0.4379,0.2067
MAC005261,Std,0.3231,0.3759,0.301
MAC005269,Std,0.3811,0.3985,0.2204
MAC005303,Std,0.3137,0.4054,0.2809
MAC005309,Std,0.2442,0.2985,0.4574
MAC005318,Std,0.3864,0.347,0.2665
MAC005337,Std,0.0783,0.1462,0.7755
MAC005350,Std,0.2657,0.403,0.3312
MAC005357,Std,0.3209,0.387,0.2921
MAC005366,Std,0.3914,0.4578,0.1509
MAC005369,Std,0.3231,0.4367,0.2402
MAC005396,ToU,0.398,0.4112,0.1908
MAC005419,Std,0.2856,0.5117,0.2027
MAC005430,Std,0.3495,0.4263,0.2242
MAC005449,ToU,0.2928,0.4594,0.2478
MAC005470,ToU,0.3385,0.4988,0.1627
MAC005482,ToU,0.304,0.5044,0.1916
MAC005508,ToU,0.2776,0.4736,0.2488
MAC005511,Std,0.4184,0.4201,0.1615
MAC005521,Std,0.3321,0.4331,0.2348
MAC005526,Std,0.3454,0.4062,0.2484
MAC005536,ToU,0.2917,0.4057,0.3026
MAC005542,Std,0.2893,0.3999,0.3108
MAC005567,Std,0.3556,0.3762,0.2681
