household_id,tariff_group,solar_share,peak_share,normal_share,yearly_kwh,bill_change_pct,pays_more,shift_to_break_even_pct
MAC000017,ToU,0.3801,0.4168,0.2031,2340.7425,-3.434,False,0.0
MAC000023,Std,0.4062,0.4502,0.1436,5020.13,-3.622,False,0.0
MAC000025,Std,0.6126,0.3246,0.0628,1833.992,-9.006,False,0.0
MAC000040,Std,0.3376,0.3986,0.2639,11500.726,-2.7657,False,0.0
MAC000046,ToU,0.4458,0.3671,0.1871,4562.7437,-5.245,False,0.0
MAC000051,ToU,0.4164,0.3457,0.2379,5366.5038,-4.871,False,0.0
MAC000076,ToU,0.4091,0.4101,0.1808,6678.412,-4.081,False,0.0
MAC000082,ToU,0.3678,0.4025,0.2296,1043.651,-3.3313,False,0.0
MAC000089,Std,0.3089,0.5188,0.1723,2447.1425,-0.99,False,0.0
MAC000109,ToU,0.3753,0.4058,0.2189,2341.008,-3.448,False,0.0
MAC000124,ToU,0.3589,0.394,0.247,3996.2879,-3.2383,False,0.0
MAC000132,Std,0.3225,0.4891,0.1884,5086.024,-1.559,False,0.0
MAC000145,Std,0.3479,0.4052,0.2469,4814.875,-2.906,False,0.0
MAC000158,ToU,0.4375,0.3546,0.2079,1492.1862,-5.204,False,0.0
MAC000162,Std,0.3112,0.4003,0.2885,1702.813,-2.221,False,0.0
MAC000175,Std,0.3503,0.3766,0.2731,3008.3486,-3.24,False,0.0
MAC000180,Std,0.3095,0.4891,0.2014,3998.928,-1.299,False,0.0
MAC000182,Std,0.3956,0.4113,0.1931,2335.5202,-3.799,False,0.0
MAC000190,Std,0.3489,0.427,0.2242,2313.7785,-2.7077,False,0.0
MAC000194,ToU,0.319,0.4939,0.1871,3582.2171,-1.441,False,0.0
MAC000195,ToU,0.3574,0.3347,0.3079,5040.1785,-3.801,False,0.0
MAC000198,ToU,0.2821,0.3413,0.3765,6125.7649,-2.2292,False,0.0
MAC000212,Std,0.4328,0.3172,0.2501,910.4035,-5.4835,False,0.0
MAC000216,Std,0.432,0.3849,0.1831,9263.298,-4.791,False,0.0
MAC000261,ToU,0.3397,0.4107,0.2496,2717.5995,-2.687,False,0.0
MAC000288,ToU,0.3812,0.3782,0.2407,3639.6645,-3.8416,False,0.0
MAC000290,ToU,0.3999,0.4292,0.1709,2476.438,-3.706,False,0.0
MAC000303,ToU,0.4633,0.4122,0.1245,2569.005,-5.144,False,0.0
MAC000305,Std,0.4867,0.404,0.1093,2000.615,-5.694,False,0.0
MAC000327,Std,0.3812,0.3825,0.2362,5221.975,-3.7994,False,0.0
MAC000345,Std,0.3214,0.3843,0.2942,3523.3855,-2.5853,False,0.0
MAC000348,Std,0.3832,0.4396,0.1772,1736.1895,-3.268,False,0.0
MAC000370,Std,0.2982,0.4249,0.2769,5338.4405,-1.715,False,0.0
MAC000377,Std,0.3606,0.4108,0.2286,2219.6942,-3.104,False,0.0
MAC000380,Std,0.3577,0.362,0.2803,1386.3415,-3.534,False,0.0
MAC000448,Std,0.3166,0.4866,0.1968,1599.0854,-1.466,False,0.0
MAC000454,Std,0.3384,0.5087,0.1528,3483.59,-1.6812,False,0.0
MAC000465,ToU,0.3222,0.4627,0.2151,3464.8462,-1.817,False,0.0
MAC000470,ToU,0.4131,0.416,0.1709,2806.1025,-4.102,False,0.0
MAC000475,ToU,0.346,0.4136,0.2404,9130.1618,-2.784,False,0.0
MAC000497,ToU,0.3095,0.4445,0.246,4801.8815,-1.745,False,0.0
MAC000499,Std,0.3471,0.4691,0.1838,2584.3995,-2.251,False,0.0
MAC000504,Std,0.3634,0.4559,0.1807,2672.1325,-2.709,False,0.0
MAC000520,Std,0.3518,0.3872,0.261,2487.266,-3.164,False,0.0
MAC000539,Std,0.3524,0.3199,0.3276,528.5028,-3.8494,False,0.0
MAC000561,ToU,0.4705,0.4018,0.1276,2868.5451,-5.3925,False,0.0
MAC000562,Std,0.3325,0.4814,0.1861,1387.013,-1.836,False,0.0
MAC000584,ToU,0.2444,0.5629,0.1927,1123.842,0.741,True,4.388
MAC000586,ToU,0.3008,0.444,0.2552,3652.119,-1.576,False,0.0
MAC000592,Std,0.3681,0.4558,0.1761,3349.3335,-2.804,False,0.0
MAC000650,Std,0.3761,0.3988,0.2251,5792.9705,-3.534,False,0.0
MAC000665,ToU,0.3636,0.3665,0.2699,722.4325,-3.607,False,0.0
MAC000680,ToU,0.4423,0.4195,0.1382,1693.882,-4.651,False,0.0
MAC000683,ToU,0.368,0.3373,0.2947,2666.937,-3.987,False,0.0
MAC000704,ToU,0.2721,0.466,0.2618,1057.3965,-0.7821,False,0.0
MAC000716,ToU,0.4182,0.4306,0.1512,2663.601,-4.058,False,0.0
MAC000719,ToU,0.2895,0.4549,0.2556,1254.744,-1.241,False,0.0
MAC000725,ToU,0.2889,0.4661,0.245,3303.928,-1.117,False,0.0
MAC000727,Std,0.301,0.477,0.222,2471.685,-1.25,False,0.0
MAC000728,ToU,0.3229,0.4346,0.2425,4983.9905,-2.112,False,0.0
MAC000740,Std,0.3074,0.4632,0.2294,2863.3455,-1.516,False,0.0
MAC000771,Std,0.3287,0.4192,0.2521,2399.786,-2.382,False,0.0
MAC000773,Std,0.3321,0.5134,0.1545,2292.187,-1.508,False,0.0
MAC000791,ToU,0.3727,0.5001,0.1272,4674.769,-2.453,False,0.0
MAC000793,Std,0.3911,0.4131,0.1958,1729.9078,-3.691,False,0.0
MAC000801,ToU,0.4034,0.4304,0.1663,4904.0445,-3.7636,False,0.0
MAC000817,ToU,0.509,0.4345,0.0565,5489.5145,-5.835,False,0.0
MAC000819,ToU,0.3606,0.3543,0.2851,1294.072,-3.669,False,0.0
MAC000828,ToU,0.3284,0.4888,0.1829,9312.5765,-1.6798,False,0.0
MAC000831,Std,0.3002,0.4863,0.2135,3795.694,-1.141,False,0.0
MAC000834,ToU,0.2267,0.3587,0.4146,6202.606,-0.947,False,0.0
MAC000841,ToU,0.3341,0.4006,0.2653,2559.792,-2.676,False,0.0
MAC000842,Std,0.3862,0.4535,0.1604,2231.8075,-3.1887,False,0.0
MAC000859,ToU,0.4012,0.4226,0.1762,1647.406,-3.798,False,0.0
MAC000861,Std,0.3377,0.4297,0.2326,2970.2979,-2.457,False,0.0
MAC000876,Std,0.3306,0.4185,0.2509,4017.007,-2.427,False,0.0
MAC000877,ToU,0.3075,0.3933,0.2993,2265.0757,-2.2168,False,0.0
MAC000878,ToU,0.4382,0.361,0.2008,3673.2685,-5.154,False,0.0
MAC000897,Std,0.4082,0.4048,0.1869,1843.7158,-4.1164,False,0.0
MAC000911,Std,0.386,0.4552,0.1587,3822.8677,-3.1683,False,0.0
MAC000936,Std,0.4034,0.3963,0.2003,1677.553,-4.105,False,0.0
MAC000984,Std,0.3524,0.4088,0.2388,1852.3455,-2.96,False,0.0
MAC000994,ToU,0.297,0.4693,0.2337,3117.381,-1.247,False,0.0
MAC001004,ToU,0.3689,0.3537,0.2773,14942.8175,-3.8414,False,0.0
MAC001010,Std,0.3726,0.4093,0.2181,1793.8135,-3.359,False,0.0
MAC001034,ToU,0.3923,0.4081,0.1996,2725.786,-3.765,False,0.0
MAC001052,Std,0.3505,0.4606,0.1889,4040.944,-2.404,False,0.0
MAC001089,Std,0.392,0.47,0.138,1084.869,-3.14,False,0.0
MAC001096,ToU,0.2805,0.4239,0.2956,1696.4795,-1.371,False,0.0
MAC001106,Std,0.3873,0.3833,0.2294,1339.2235,-3.913,False,0.0
MAC001111,Std,0.2964,0.4603,0.2433,2827.71,-1.325,False,0.0
MAC001118,ToU,0.3332,0.3855,0.2813,3677.443,-2.809,False,0.0
MAC001142,ToU,0.3295,0.4072,0.2633,1551.73,-2.518,False,0.0
MAC001153,Std,0.4334,0.406,0.1606,2004.8965,-4.608,False,0.0
MAC001206,ToU,0.3032,0.4068,0.29,1863.643,-1.996,False,0.0
MAC001219,ToU,0.3085,0.5302,0.1613,6248.1204,-0.868,False,0.0
MAC001247,Std,0.29,0.4522,0.2578,2470.8123,-1.278,False,0.0
MAC001254,ToU,0.4189,0.4126,0.1685,1961.1775,-4.252,False,0.0
MAC001264,ToU,0.3868,0.3693,0.244,2818.644,-4.0426,False,0.0
MAC001289,Std,0.3455,0.4301,0.2244,3432.919,-2.609,False,0.0
MAC001291,Std,0.4857,0.4072,0.1071,1329.2815,-5.642,False,0.0
MAC001295,Std,0.3,0.4372,0.2628,4063.8094,-1.628,False,0.0
MAC001299,ToU,0.3137,0.3866,0.2997,3481.075,-2.408,False,0.0
MAC001304,Std,0.3679,0.4213,0.2109,5113.5915,-3.1447,False,0.0
MAC001305,ToU,0.3013,0.3409,0.3578,4507.481,-2.617,False,0.0
MAC001322,ToU,0.3784,0.3942,0.2275,2262.8847,-3.6256,False,0.0
MAC001335,ToU,0.3891,0.3292,0.2817,970.343,-4.49,False,0.0
MAC001386,ToU,0.3157,0.3998,0.2845,1789.345,-2.316,False,0.0
MAC001402,ToU,0.3266,0.4578,0.2156,2277.7155,-1.954,False,0.0
MAC001406,Std,0.3674,0.4136,0.2189,2922.561,-3.2123,False,0.0
MAC001410,ToU,0.3027,0.4546,0.2427,3665.7805,-1.508,False,0.0
MAC001414,ToU,0.3927,0.4346,0.1727,1700.256,-3.508,False,0.0
MAC001417,ToU,0.3892,0.4147,0.1962,3531.5165,-3.6366,False,0.0
MAC001431,ToU,0.4638,0.3562,0.18,2395.3895,-5.714,False,0.0
MAC001453,Std,0.3558,0.4969,0.1474,2132.333,-2.1468,False,0.0
MAC001466,ToU,0.3258,0.5355,0.1387,1234.1025,-1.161,False,0.0
MAC001467,Std,0.3298,0.3804,0.2899,4516.7035,-2.7917,False,0.0
MAC001487,ToU,0.3607,0.3606,0.2787,840.0915,-3.608,False,0.0
MAC001508,ToU,0.318,0.5041,0.1779,2653.3235,-1.319,False,0.0
MAC001538,ToU,0.371,0.38,0.249,7988.626,-3.62,False,0.0
MAC001541,Std,0.4242,0.3832,0.1927,5942.363,-4.6515,False,0.0
MAC001542,ToU,0.3164,0.4256,0.258,2743.6705,-2.072,False,0.0
MAC001559,ToU,0.3434,0.4783,0.1783,3579.2361,-2.085,False,0.0
MAC001564,ToU,0.2876,0.3105,0.4018,6027.8385,-2.6473,False,0.0
MAC001602,ToU,0.2775,0.403,0.3194,897.643,-1.5202,False,0.0
MAC001605,Std,0.3297,0.52,0.1502,2353.126,-1.3941,False,0.0
MAC001614,ToU,0.3289,0.4572,0.2139,3402.9,-2.006,False,0.0
MAC001642,ToU,0.3494,0.4209,0.2297,7937.797,-2.779,False,0.0
MAC001645,ToU,0.3605,0.4709,0.1686,2492.771,-2.501,False,0.0
MAC001662,Std,0.2882,0.4308,0.2809,1303.945,-1.4561,False,0.0
MAC001678,Std,0.2972,0.3525,0.3503,2104.34,-2.419,False,0.0
MAC001680,ToU,0.3668,0.4664,0.1667,2346.174,-2.6723,False,0.0
MAC001692,Std,0.3945,0.4083,0.1972,6546.7985,-3.807,False,0.0
MAC001727,Std,0.3952,0.448,0.1568,4182.357,-3.424,False,0.0
MAC001731,Std,0.3193,0.2881,0.3927,3116.7696,-3.5046,False,0.0
MAC001736,ToU,0.4124,0.4101,0.1776,8111.8079,-4.1466,False,0.0
MAC001741,ToU,0.2701,0.3482,0.3817,2032.9015,-1.92,False,0.0
MAC001759,Std,0.3734,0.3571,0.2696,1655.473,-3.8966,False,0.0
MAC001760,Std,0.2882,0.4985,0.2133,4717.7597,-0.779,False,0.0
MAC001765,Std,0.3137,0.3856,0.3006,5635.326,-2.4182,False,0.0
MAC001767,ToU,0.2875,0.4357,0.2768,1471.2295,-1.393,False,0.0
MAC001784,Std,0.3034,0.3451,0.3515,3513.2582,-2.617,False,0.0
MAC001785,Std,0.4258,0.3988,0.1754,2765.098,-4.528,False,0.0
MAC001819,Std,0.2868,0.5399,0.1733,3657.056,-0.337,False,0.0
MAC001825,ToU,0.2916,0.4962,0.2122,2488.063,-0.87,False,0.0
MAC001834,Std,0.425,0.4234,0.1516,3480.867,-4.266,False,0.0
MAC001837,Std,0.2877,0.539,0.1733,3053.323,-0.364,False,0.0
MAC001853,ToU,0.3741,0.4412,0.1847,6347.977,-3.07,False,0.0
MAC001856,ToU,0.3498,0.4039,0.2463,3391.0315,-2.957,False,0.0
MAC001857,ToU,0.343,0.391,0.266,4765.813,-2.95,False,0.0
MAC001858,ToU,0.4059,0.3442,0.2498,3735.6385,-4.6765,False,0.0
MAC001866,Std,0.3036,0.4955,0.2009,4334.03,-1.117,False,0.0
MAC001878,Std,0.3408,0.407,0.2522,8541.837,-2.746,False,0.0
MAC001897,Std,0.4772,0.4114,0.1115,2864.5396,-5.4295,False,0.0
MAC001898,Std,0.303,0.3518,0.3452,423.2312,-2.542,False,0.0
MAC001904,ToU,0.3896,0.4076,0.2027,2771.8595,-3.7164,False,0.0
MAC001905,Std,0.2474,0.4988,0.2538,1880.1135,0.04,True,0.2673
MAC001945,Std,0.3974,0.4779,0.1246,1306.278,-3.1693,False,0.0
MAC002015,Std,0.3756,0.4076,0.2168,2930.4095,-3.436,False,0.0
MAC002022,ToU,0.3905,0.4017,0.2079,1922.986,-3.7926,False,0.0
MAC002027,Std,0.3502,0.459,0.1907,4557.599,-2.4142,False,0.0
MAC002029,ToU,0.3435,0.4282,0.2283,4740.043,-2.588,False,0.0
MAC002035,Std,0.364,0.3765,0.2595,7668.7596,-3.515,False,0.0
MAC002046,ToU,0.2623,0.5183,0.2194,3080.57,-0.063,False,0.0
MAC002047,Std,0.2933,0.4124,0.2943,2506.82,-1.742,False,0.0
MAC002052,ToU,0.2565,0.5869,0.1566,863.5768,0.739,True,4.1972
MAC002109,Std,0.2639,0.4929,0.2432,2565.1945,-0.349,False,0.0
MAC002113,ToU,0.3632,0.4526,0.1841,2136.067,-2.7383,False,0.0
MAC002147,ToU,0.3086,0.5124,0.1791,712.5775,-1.0479,False,0.0
MAC002164,ToU,0.35,0.4489,0.201,4629.664,-2.5113,False,0.0
MAC002165,Std,0.3522,0.4327,0.2151,5960.1116,-2.717,False,0.0
MAC002166,ToU,0.2982,0.4597,0.2421,7075.54,-1.367,False,0.0
MAC002183,ToU,0.2836,0.4938,0.2227,3588.404,-0.7339,False,0.0
MAC002196,Std,0.3032,0.4722,0.2245,1246.4981,-1.3421,False,0.0
MAC002201,ToU,0.2893,0.4921,0.2186,4028.366,-0.865,False,0.0
MAC002203,Std,0.3037,0.4139,0.2824,1521.7881,-1.935,False,0.0
MAC002204,Std,0.3262,0.3739,0.2999,1117.408,-2.785,False,0.0
MAC002205,Std,0.3869,0.453,0.1602,2424.4764,-3.2077,False,0.0
MAC002221,Std,0.2861,0.4842,0.2296,2424.057,-0.8801,False,0.0
MAC002232,ToU,0.3598,0.3852,0.2551,4295.417,-3.3437,False,0.0
MAC002237,Std,0.2695,0.4754,0.2551,1186.5415,-0.636,False,0.0
MAC002241,Std,0.2504,0.5547,0.1949,6367.25,0.539,True,3.239
MAC002244,Std,0.361,0.4115,0.2276,1608.5444,-3.1047,False,0.0
MAC002251,Std,0.3372,0.443,0.2198,1051.159,-2.314,False,0.0
MAC002266,Std,0.3684,0.3836,0.248,1936.194,-3.532,False,0.0
MAC002280,ToU,0.303,0.411,0.286,4906.4131,-1.95,False,0.0
MAC002324,ToU,0.2734,0.5794,0.1472,11278.8845,0.326,True,1.8755
MAC002336,ToU,0.2473,0.4488,0.3039,3043.7405,-0.458,False,0.0
MAC002370,Std,0.3005,0.4688,0.2307,3343.756,-1.322,False,0.0
MAC002380,Std,0.3311,0.4987,0.1701,7744.0969,-1.6352,False,0.0
MAC002392,Std,0.3828,0.4279,0.1892,1210.0842,-3.3773,False,0.0
MAC002402,Std,0.3773,0.3908,0.232,4174.7286,-3.6376,False,0.0
MAC002413,ToU,0.3087,0.4472,0.2441,1183.6492,-1.702,False,0.0
MAC002416,Std,0.3039,0.3647,0.3315,1285.2365,-2.4308,False,0.0
MAC002421,ToU,0.3973,0.3958,0.2069,3507.181,-3.988,False,0.0
MAC002432,ToU,0.3786,0.3936,0.2278,5246.213,-3.636,False,0.0
MAC002446,ToU,0.3414,0.3436,0.315,7166.771,-3.392,False,0.0
MAC002464,ToU,0.4077,0.3719,0.2204,2885.9295,-4.435,False,0.0
MAC002472,ToU,0.3953,0.4102,0.1945,732.9222,-3.804,False,0.0
MAC002481,Std,0.3203,0.3955,0.2842,4745.257,-2.451,False,0.0
MAC002486,ToU,0.3306,0.4213,0.2481,4207.449,-2.399,False,0.0
MAC002490,ToU,0.4094,0.3582,0.2324,1884.6463,-4.606,False,0.0
MAC002502,Std,0.2942,0.4041,0.3017,7163.5522,-1.843,False,0.0
MAC002546,Std,0.2748,0.3728,0.3524,2718.5195,-1.768,False,0.0
MAC002566,ToU,0.2969,0.4711,0.232,1441.6374,-1.227,False,0.0
MAC002592,Std,0.3051,0.4059,0.289,5618.624,-2.043,False,0.0
MAC002609,ToU,0.3884,0.382,0.2296,2176.1404,-3.948,False,0.0
MAC002643,Std,0.2956,0.4222,0.2822,1671.2185,-1.69,False,0.0
MAC002646,Std,0.346,0.4591,0.1949,2332.0935,-2.329,False,0.0
MAC002652,Std,0.3278,0.3002,0.372,3776.0375,-3.554,False,0.0
MAC002662,Std,0.3293,0.4009,0.2698,2891.736,-2.577,False,0.0
MAC002666,Std,0.3196,0.3941,0.2862,7380.9797,-2.4512,False,0.0
MAC002667,Std,0.3538,0.3908,0.2554,4889.116,-3.168,False,0.0
MAC002675,ToU,0.3076,0.4091,0.2833,1547.1304,-2.061,False,0.0
MAC002678,ToU,0.377,0.4301,0.1929,1462.666,-3.239,False,0.0
MAC002704,Std,0.3179,0.4126,0.2695,3898.1683,-2.232,False,0.0
MAC002713,ToU,0.3095,0.4266,0.2638,3121.4245,-1.9242,False,0.0
MAC002725,Std,0.4175,0.363,0.2195,10232.4472,-4.72,False,0.0
MAC002728,ToU,0.3877,0.4223,0.19,4283.539,-3.531,False,0.0
MAC002738,ToU,0.3525,0.4159,0.2316,1977.06,-2.891,False,0.0
MAC002743,Std,0.2958,0.3635,0.3407,3569.332,-2.281,False,0.0
MAC002746,Std,0.2911,0.3767,0.3322,1112.8991,-2.055,False,0.0
MAC002757,Std,0.4338,0.4067,0.1595,7858.006,-4.609,False,0.0
MAC002765,ToU,0.3615,0.4308,0.2076,5827.371,-2.9223,False,0.0
MAC002776,Std,0.3557,0.4943,0.15,5474.626,-2.171,False,0.0
MAC002837,Std,0.3318,0.4537,0.2144,2342.1375,-2.0992,False,0.0
MAC002843,Std,0.3246,0.3854,0.29,2152.9575,-2.638,False,0.0
MAC002852,Std,0.28,0.419,0.3009,10520.933,-1.4101,False,0.0
MAC002856,Std,0.4888,0.3816,0.1296,5499.273,-5.96,False,0.0
MAC002869,ToU,0.476,0.3975,0.1264,9768.278,-5.5456,False,0.0
MAC002879,ToU,0.3104,0.41,0.2795,1467.058,-2.1082,False,0.0
MAC002881,ToU,0.3049,0.3629,0.3322,5556.1175,-2.469,False,0.0
MAC002893,Std,0.43,0.408,0.162,3278.61,-4.52,False,0.0
MAC002895,ToU,0.3869,0.3712,0.242,2494.274,-4.0256,False,0.0
MAC002896,Std,0.346,0.4827,0.1712,6510.3075,-2.0932,False,0.0
MAC002903,Std,0.3538,0.3593,0.2869,4175.8913,-3.483,False,0.0
MAC002910,ToU,0.3562,0.4375,0.2063,2652.761,-2.749,False,0.0
MAC002916,Std,0.3929,0.387,0.2201,1661.1435,-3.988,False,0.0
MAC002930,ToU,0.404,0.408,0.1879,1871.087,-4.0004,False,0.0
MAC002931,ToU,0.3503,0.5014,0.1483,1592.357,-1.992,False,0.0
MAC002951,ToU,0.3034,0.4352,0.2614,894.4644,-1.716,False,0.0
MAC002954,ToU,0.3885,0.4344,0.1772,2276.7965,-3.4257,False,0.0
MAC002964,Std,0.4139,0.3643,0.2217,1508.8675,-4.6355,False,0.0
MAC002982,ToU,0.2953,0.4067,0.298,911.004,-1.839,False,0.0
MAC003010,Std,0.3353,0.3622,0.3025,1154.9864,-3.084,False,0.0
MAC003012,Std,0.4712,0.3837,0.1451,5558.136,-5.587,False,0.0
MAC003019,ToU,0.3495,0.497,0.1535,2471.036,-2.02,False,0.0
MAC003043,ToU,0.3296,0.4017,0.2686,2100.402,-2.5753,False,0.0
MAC003044,ToU,0.3123,0.4773,0.2103,2451.912,-1.4731,False,0.0
MAC003048,Std,0.4469,0.3737,0.1794,1649.803,-5.201,False,0.0
MAC003049,ToU,0.2631,0.5453,0.1916,2115.2595,0.191,True,1.1676
MAC003068,ToU,0.4404,0.386,0.1735,4685.29,-4.9485,False,0.0
MAC003094,ToU,0.2818,0.504,0.2142,2990.1529,-0.596,False,0.0
MAC003097,ToU,0.4684,0.386,0.1456,1340.6059,-5.508,False,0.0
MAC003098,Std,0.3649,0.4004,0.2347,2259.92,-3.294,False,0.0
MAC003129,Std,0.4293,0.4359,0.1348,2896.2755,-4.227,False,0.0
MAC003143,Std,0.4051,0.4801,0.1148,4642.7,-3.301,False,0.0
MAC003151,ToU,0.3926,0.3998,0.2076,3847.9565,-3.854,False,0.0
MAC003165,ToU,0.3477,0.3741,0.2782,5512.3915,-3.213,False,0.0
MAC003177,Std,0.4271,0.4019,0.1709,3168.743,-4.5235,False,0.0
MAC003190,Std,0.3748,0.4159,0.2093,3614.6955,-3.337,False,0.0
MAC003193,Std,0.3434,0.4307,0.2259,5347.9075,-2.561,False,0.0
MAC003205,Std,0.2968,0.5066,0.1966,1632.555,-0.87,False,0.0
MAC003210,Std,0.3883,0.4069,0.2048,5472.794,-3.697,False,0.0
MAC003256,ToU,0.4473,0.4065,0.1462,4435.5245,-4.881,False,0.0
MAC003257,ToU,0.3569,0.3651,0.2779,20110.4461,-3.4873,False,0.0
MAC003263,Std,0.3356,0.4217,0.2427,4421.3145,-2.495,False,0.0
MAC003272,ToU,0.3199,0.4346,0.2456,7343.242,-2.0518,False,0.0
MAC003286,ToU,0.409,0.4159,0.1751,4983.1272,-4.021,False,0.0
MAC003303,Std,0.5627,0.3091,0.1282,7208.5695,-8.163,False,0.0
MAC003308,ToU,0.3115,0.3932,0.2954,1517.0155,-2.2978,False,0.0
MAC003315,ToU,0.4154,0.4408,0.1439,2515.4111,-3.8996,False,0.0
MAC003317,Std,0.2628,0.4307,0.3065,7851.2249,-0.949,False,0.0
MAC003333,ToU,0.3539,0.4615,0.1847,3304.653,-2.4628,False,0.0
MAC003349,Std,0.3144,0.4205,0.2652,7393.224,-2.0828,False,0.0
MAC003366,ToU,0.3468,0.492,0.1612,1683.903,-2.016,False,0.0
MAC003381,Std,0.352,0.4619,0.1861,3900.001,-2.421,False,0.0
MAC003386,Std,0.3356,0.493,0.1714,3978.027,-1.782,False,0.0
MAC003391,Std,0.3042,0.5055,0.1903,4471.1145,-1.029,False,0.0
MAC003436,ToU,0.3672,0.3713,0.2614,4619.673,-3.6314,False,0.0
MAC003471,ToU,0.3212,0.4227,0.2562,3948.2845,-2.1968,False,0.0
MAC003472,ToU,0.2677,0.4827,0.2497,5255.6235,-0.5269,False,0.0
MAC003474,ToU,0.3876,0.4305,0.1819,3553.64,-3.447,False,0.0
MAC003494,Std,0.3483,0.4578,0.194,2159.221,-2.3878,False,0.0
MAC003523,ToU,0.325,0.4436,0.2314,2858.111,-2.064,False,0.0
MAC003525,ToU,0.2902,0.5064,0.2034,4688.4675,-0.74,False,0.0
MAC003533,Std,0.3496,0.5397,0.1108,4538.7985,-1.5948,False,0.0
MAC003550,ToU,0.4391,0.4246,0.1363,3866.3605,-4.536,False,0.0
MAC003560,ToU,0.3612,0.3831,0.2556,3875.6035,-3.3933,False,0.0
MAC003568,Std,0.2864,0.4898,0.2237,8011.732,-0.8301,False,0.0
MAC003589,Std,0.4009,0.38,0.2191,5250.59,-4.218,False,0.0
MAC003596,Std,0.3739,0.4444,0.1817,5285.588,-3.034,False,0.0
MAC003603,Std,0.3414,0.3371,0.3216,13501.247,-3.4567,False,0.0
MAC003650,Std,0.3856,0.4702,0.1441,4448.552,-3.0103,False,0.0
MAC003652,ToU,0.3491,0.4011,0.2498,3215.0995,-2.971,False,0.0
MAC003657,Std,0.3637,0.3735,0.2629,1882.9105,-3.5386,False,0.0
MAC003661,ToU,0.3287,0.4328,0.2385,2826.255,-2.246,False,0.0
MAC003665,ToU,0.3275,0.4742,0.1983,2600.6175,-1.808,False,0.0
MAC003669,ToU,0.3196,0.4192,0.2612,2415.7265,-2.2,False,0.0
MAC003675,ToU,0.4065,0.4138,0.1797,8178.129,-3.992,False,0.0
MAC003693,Std,0.4083,0.3693,0.2224,7005.2355,-4.473,False,0.0
MAC003704,Std,0.3349,0.4218,0.2433,6214.2535,-2.48,False,0.0
MAC003728,ToU,0.389,0.324,0.287,5917.426,-4.54,False,0.0
MAC003730,Std,0.3625,0.4859,0.1516,3970.312,-2.391,False,0.0
MAC003739,Std,0.3616,0.4214,0.2169,2292.07,-3.0183,False,0.0
MAC003741,Std,0.4336,0.3771,0.1893,3813.0245,-4.901,False,0.0
MAC003760,ToU,0.3816,0.3792,0.2392,4000.952,-3.84,False,0.0
MAC003762,ToU,0.2387,0.471,0.2903,3985.47,-0.064,False,0.0
MAC003788,ToU,0.384,0.4053,0.2107,2535.662,-3.627,False,0.0
MAC003807,ToU,0.2772,0.488,0.2348,9150.1465,-0.664,False,0.0
MAC003808,ToU,0.3271,0.3602,0.3128,3391.4456,-2.9397,False,0.0
MAC003848,ToU,0.1989,0.4718,0.3292,5983.078,0.7401,True,5.2287
MAC003854,Std,0.2793,0.4342,0.2864,3192.1855,-1.2441,False,0.0
MAC003869,ToU,0.291,0.4621,0.2469,4956.742,-1.199,False,0.0
MAC003895,ToU,0.3307,0.3971,0.2722,6163.3075,-2.643,False,0.0
MAC003899,ToU,0.3752,0.4641,0.1607,3713.633,-2.863,False,0.0
MAC003903,ToU,0.3692,0.419,0.2119,11184.7235,-3.1937,False,0.0
MAC003905,Std,0.3523,0.3926,0.2551,2023.9975,-3.12,False,0.0
MAC003907,Std,0.2535,0.4103,0.3361,8852.23,-0.9671,False,0.0
MAC003951,ToU,0.3714,0.3903,0.2383,3586.5725,-3.525,False,0.0
MAC003954,ToU,0.3129,0.467,0.2201,2001.271,-1.588,False,0.0
MAC003968,ToU,0.3316,0.4757,0.1927,4003.394,-1.875,False,0.0
MAC003975,ToU,0.3519,0.4017,0.2463,6401.89,-3.0213,False,0.0
MAC003979,Std,0.3489,0.374,0.2771,16846.856,-3.238,False,0.0
MAC003988,ToU,0.4426,0.3691,0.1883,1094.941,-5.161,False,0.0
MAC004000,ToU,0.421,0.4239,0.1551,11384.8874,-4.181,False,0.0
MAC004012,ToU,0.3063,0.4257,0.268,1542.131,-1.869,False,0.0
MAC004098,Std,0.3601,0.3983,0.2416,1382.9655,-3.219,False,0.0
MAC004103,Std,0.3322,0.445,0.2228,3963.793,-2.194,False,0.0
MAC004136,Std,0.2891,0.3301,0.3808,2827.387,-2.481,False,0.0
MAC004202,Std,0.3939,0.4372,0.1689,1298.0468,-3.506,False,0.0
MAC004223,ToU,0.3542,0.4739,0.1719,1111.907,-2.345,False,0.0
MAC004233,Std,0.2859,0.6134,0.1007,1899.1169,0.416,True,2.2606
MAC004236,ToU,0.3284,0.3319,0.3397,1120.447,-3.249,False,0.0
MAC004260,ToU,0.3113,0.5018,0.1869,3430.129,-1.208,False,0.0
MAC004263,ToU,0.2849,0.4556,0.2595,3975.6715,-1.142,False,0.0
MAC004280,Std,0.3936,0.3696,0.2368,12077.2343,-4.176,False,0.0
MAC004307,ToU,0.4307,0.42,0.1493,1115.871,-4.414,False,0.0
MAC004309,ToU,0.4349,0.3783,0.1869,5050.3316,-4.9145,False,0.0
MAC004310,Std,0.3242,0.4447,0.2311,792.224,-2.037,False,0.0
MAC004312,Std,0.3155,0.4974,0.1871,1950.9325,-1.336,False,0.0
MAC004314,Std,0.2964,0.4557,0.2479,2593.1955,-1.371,False,0.0
MAC004315,ToU,0.2636,0.3549,0.3815,2942.466,-1.723,False,0.0
MAC004320,ToU,0.2538,0.4262,0.32,1416.297,-0.814,False,0.0
MAC004329,Std,0.3807,0.38,0.2393,6104.715,-3.814,False,0.0
MAC004331,ToU,0.3702,0.4327,0.1971,1822.5185,-3.077,False,0.0
MAC004353,Std,0.3788,0.3928,0.2284,5316.169,-3.648,False,0.0
MAC004363,ToU,0.2445,0.5234,0.2321,3008.8075,0.344,True,2.1908
MAC004366,ToU,0.3557,0.3851,0.2592,7303.5125,-3.263,False,0.0
MAC004408,ToU,0.3941,0.4615,0.1444,2895.579,-3.267,False,0.0
MAC004428,Std,0.1331,0.2086,0.6582,5938.067,-0.5761,False,0.0
MAC004436,ToU,0.4347,0.3855,0.1797,1884.706,-4.8395,False,0.0
MAC004446,Std,0.317,0.433,0.25,13818.341,-2.01,False,0.0
MAC004448,ToU,0.3067,0.3981,0.2952,2492.698,-2.153,False,0.0
MAC004454,Std,0.3222,0.4585,0.2193,718.8305,-1.859,False,0.0
MAC004461,Std,0.3661,0.3587,0.2752,1703.307,-3.735,False,0.0
MAC004468,Std,0.405,0.3885,0.2065,6799.2411,-4.215,False,0.0
MAC004513,Std,0.4172,0.4679,0.1149,2415.9612,-3.665,False,0.0
MAC004520,Std,0.4387,0.4024,0.1589,543.8958,-4.75,False,0.0
MAC004553,Std,0.3,0.3676,0.3324,5782.275,-2.324,False,0.0
MAC004556,Std,0.284,0.4323,0.2837,2187.38,-1.357,False,0.0
MAC004573,Std,0.261,0.3508,0.3882,5346.5652,-1.712,False,0.0
MAC004590,ToU,0.303,0.4314,0.2656,3939.7097,-1.746,False,0.0
MAC004606,ToU,0.3079,0.4985,0.1936,2422.743,-1.173,False,0.0
MAC004621,ToU,0.4236,0.4234,0.153,4291.2679,-4.238,False,0.0
MAC004640,ToU,0.3028,0.3759,0.3213,4499.913,-2.297,False,0.0
MAC004641,ToU,0.294,0.507,0.199,3347.861,-0.81,False,0.0
MAC004652,Std,0.349,0.4268,0.2243,1505.9535,-2.7117,False,0.0
MAC004655,ToU,0.2679,0.5613,0.1708,1235.5745,0.255,True,1.5143
MAC004660,Std,0.4155,0.3703,0.2142,4409.926,-4.607,False,0.0
MAC004667,Std,0.3999,0.3823,0.2178,703.1625,-4.175,False,0.0
MAC004668,ToU,0.3547,0.4543,0.191,1321.177,-2.551,False,0.0
MAC004686,Std,0.3071,0.4328,0.2601,2167.975,-1.814,False,0.0
MAC004701,Std,0.3373,0.4904,0.1722,3003.6547,-1.8422,False,0.0
MAC004709,ToU,0.3162,0.3703,0.3135,1327.1616,-2.621,False,0.0
MAC004710,ToU,0.2453,0.5492,0.2055,3642.8385,0.586,True,3.5567
MAC004719,ToU,0.2579,0.508,0.234,3727.5424,-0.078,False,0.0
MAC004751,ToU,0.3259,0.4395,0.2346,4831.6504,-2.123,False,0.0
MAC004795,ToU,0.3727,0.4046,0.2227,3301.8875,-3.408,False,0.0
MAC004801,Std,0.33,0.5276,0.1424,2032.8725,-1.324,False,0.0
MAC004832,ToU,0.4288,0.4299,0.1414,3607.8837,-4.2766,False,0.0
MAC004851,ToU,0.4047,0.4196,0.1757,4172.3281,-3.898,False,0.0
MAC004867,Std,0.4091,0.4005,0.1904,2148.6195,-4.177,False,0.0
MAC004909,Std,0.2649,0.4506,0.2846,5599.0405,-0.7919,False,0.0
MAC004918,Std,0.3712,0.4635,0.1653,2094.2225,-2.789,False,0.0
MAC004921,ToU,0.4003,0.3646,0.2351,2752.924,-4.36,False,0.0
MAC004924,Std,0.3696,0.464,0.1663,2076.8546,-2.7523,False,0.0
MAC004932,ToU,0.3647,0.3754,0.2599,4432.626,-3.54,False,0.0
MAC004955,ToU,0.3558,0.4622,0.182,3573.738,-2.494,False,0.0
MAC004958,Std,0.217,0.2898,0.4933,10484.364,-1.4419,False,0.0
MAC004971,Std,0.4334,0.4154,0.1512,2199.573,-4.514,False,0.0
MAC004979,ToU,0.4173,0.4351,0.1476,2502.9845,-3.995,False,0.0
MAC004994,Std,0.2596,0.4224,0.318,2082.9032,-0.968,False,0.0
MAC005011,ToU,0.2998,0.4044,0.2958,1508.012,-1.952,False,0.0
MAC005017,ToU,0.36,0.4089,0.2311,3493.908,-3.111,False,0.0
MAC005022,ToU,0.3796,0.3697,0.2507,7833.7662,-3.895,False,0.0
MAC005043,Std,0.4038,0.3755,0.2206,4753.5111,-4.3214,False,0.0
MAC005048,Std,0.3754,0.3844,0.2402,3377.794,-3.664,False,0.0
MAC005049,Std,0.3944,0.4684,0.1372,2628.3895,-3.204,False,0.0
MAC005056,Std,0.3558,0.4064,0.2378,2534.6976,-3.052,False,0.0
MAC005067,Std,0.32,0.3952,0.2848,4174.1822,-2.448,False,0.0
MAC005083,ToU,0.2937,0.4246,0.2817,2663.6106,-1.628,False,0.0
MAC005141,Std,0.3616,0.3446,0.2938,2552.4695,-3.786,False,0.0
MAC005148,ToU,0.4106,0.4327,0.1566,4041.5475,-3.8854,False,0.0
MAC005150,ToU,0.3395,0.4995,0.161,4163.74,-1.795,False,0.0
MAC005157,ToU,0.3639,0.4257,0.2104,2484.532,-3.021,False,0.0
MAC005164,ToU,0.3688,0.4112,0.2201,3376.093,-3.2637,False,0.0
MAC005168,Std,0.4201,0.3625,0.2174,1833.7805,-4.777,False,0.0
MAC005170,Std,0.3763,0.3783,0.2455,3085.138,-3.7426,False,0.0
MAC005173,ToU,0.4562,0.3843,0.1595,5214.007,-5.281,False,0.0
MAC005176,Std,0.2676,0.5455,0.1869,1177.112,0.103,True,0.6294
MAC005179,ToU,0.3645,0.4433,0.1921,2252.3595,-2.8573,False,0.0
MAC005184,ToU,0.3292,0.4315,0.2394,7513.114,-2.2688,False,0.0
MAC005192,Std,0.2768,0.3843,0.3389,2288.972,-1.693,False,0.0
MAC005203,Std,0.3288,0.4079,0.2633,4178.3975,-2.497,False,0.0
MAC005207,ToU,0.4526,0.4293,0.1182,3800.289,-4.7585,False,0.0
MAC005213,Std,0.3505,0.4141,0.2354,4075.6205,-2.869,False,0.0
MAC005218,Std,0.2767,0.489,0.2344,1464.5025,-0.6439,False,0.0
MAC005240,ToU,0.3062,0.4916,0.2022,1637.975,-1.208,False,0.0
MAC005256,ToU,0.3554,0.4379,0.2067,2218.35,-2.729,False,0.0
MAC005261,Std,0.3231,0.3759,0.301,2287.332,-2.703,False,0.0
MAC005269,Std,0.3811,0.3985,0.2204,4964.0202,-3.637,False,0.0
MAC005303,Std,0.3137,0.4054,0.2809,4365.942,-2.22,False,0.0
MAC005309,Std,0.2442,0.2985,0.4574,6934.651,-1.8988,False,0.0
MAC005318,Std,0.3864,0.347,0.2665,14720.2645,-4.2584,False,0.0
MAC005337,Std,0.0783,0.1462,0.7755,3228.081,-0.104,False,0.0
MAC005350,Std,0.2657,0.403,0.3312,5784.526,-1.2841,False,0.0
MAC005357,Std,0.3209,0.387,0.2921,2866.3765,-2.548,False,0.0
MAC005366,Std,0.3914,0.4578,0.1509,6246.6555,-3.2497,False,0.0
MAC005369,Std,0.3231,0.4367,0.2402,1911.3085,-2.095,False,0.0
MAC005396,ToU,0.398,0.4112,0.1908,2038.584,-3.848,False,0.0
MAC005419,Std,0.2856,0.5117,0.2027,1097.205,-0.595,False,0.0
MAC005430,Std,0.3495,0.4263,0.2242,4040.408,-2.727,False,0.0
MAC005449,ToU,0.2928,0.4594,0.2478,2520.233,-1.262,False,0.0
MAC005470,ToU,0.3385,0.4988,0.1627,1575.756,-1.782,False,0.0
MAC005482,ToU,0.304,0.5044,0.1916,3148.851,-1.036,False,0.0
MAC005508,ToU,0.2776,0.4736,0.2488,3891.741,-0.816,False,0.0
MAC005511,Std,0.4184,0.4201,0.1615,3181.2229,-4.167,False,0.0
MAC005521,Std,0.3321,0.4331,0.2348,3205.105,-2.311,False,0.0
MAC005526,Std,0.3454,0.4062,0.2484,3781.546,-2.846,False,0.0
MAC005536,ToU,0.2917,0.4057,0.3026,384.8835,-1.777,False,0.0
MAC005542,Std,0.2893,0.3999,0.3108,2352.88,-1.787,False,0.0
MAC005567,Std,0.3556,0.3762,0.2681,1900.738,-3.3503,False,0.0
